<PAMDataset>
  <SRS>PROJCS["Germany_Zone_4",GEOGCS["GCS_Deutsches_Hauptdreiecksnetz",DATUM["Deutsches_Hauptdreiecksnetz",SPHEROID["Bessel_1841",6377397.155,299.1528128]],PRIMEM["Greenwich",0.0],UNIT["Degree",0.0174532925199433]],PROJECTION["Transverse_Mercator"],PARAMETER["False_Easting",4500000.0],PARAMETER["False_Northing",0.0],PARAMETER["Central_Meridian",12.0],PARAMETER["Scale_Factor",1.0],PARAMETER["Latitude_Of_Origin",0.0],UNIT["Meter",1.0]]</SRS>
  <GeoTransform>  4.4679900054566357e+06,  1.8868300000009791e-01,  0.0000000000000000e+00,  5.3347024913169611e+06,  0.0000000000000000e+00, -1.8868300000009791e-01</GeoTransform>
  <Metadata domain="xml:ESRI" format="xml">
    <GeodataXform xsi:type="typens:PolynomialXform" xmlns:xsi="http://www.w3.org/2001/XMLSchema-instance" xmlns:xs="http://www.w3.org/2001/XMLSchema" xmlns:typens="http://www.esri.com/schemas/ArcGIS/2.3.0">
      <PolynomialOrder>1</PolynomialOrder>
      <SpatialReference xsi:type="typens:ProjectedCoordinateSystem">
        <WKT>PROJCS["Germany_Zone_4",GEOGCS["GCS_Deutsches_Hauptdreiecksnetz",DATUM["D_Deutsches_Hauptdreiecksnetz",SPHEROID["Bessel_1841",6377397.155,299.1528128]],PRIMEM["Greenwich",0.0],UNIT["Degree",0.0174532925199433]],PROJECTION["Transverse_Mercator"],PARAMETER["False_Easting",4500000.0],PARAMETER["False_Northing",0.0],PARAMETER["Central_Meridian",12.0],PARAMETER["Scale_Factor",1.0],PARAMETER["Latitude_Of_Origin",0.0],UNIT["Meter",1.0],AUTHORITY["Esri",31494]]</WKT>
        <XOrigin>-1122500</XOrigin>
        <YOrigin>-10001000</YOrigin>
        <XYScale>450314931.24392509</XYScale>
        <ZOrigin>-100000</ZOrigin>
        <ZScale>10000</ZScale>
        <MOrigin>-100000</MOrigin>
        <MScale>10000</MScale>
        <XYTolerance>0.001</XYTolerance>
        <ZTolerance>0.001</ZTolerance>
        <MTolerance>0.001</MTolerance>
        <HighPrecision>true</HighPrecision>
        <WKID>31494</WKID>
        <LatestWKID>31494</LatestWKID>
      </SpatialReference>
      <CoeffX xsi:type="typens:ArrayOfDouble">
        <Double>-0.22985830588731915</Double>
        <Double>1</Double>
        <Double>0</Double>
      </CoeffX>
      <CoeffY xsi:type="typens:ArrayOfDouble">
        <Double>0.61208323575556278</Double>
        <Double>0</Double>
        <Double>1</Double>
      </CoeffY>
      <InverseCoeffX xsi:type="typens:ArrayOfDouble">
        <Double>0.22985830588731915</Double>
        <Double>1</Double>
        <Double>0</Double>
      </InverseCoeffX>
      <InverseCoeffY xsi:type="typens:ArrayOfDouble">
        <Double>-0.61208323575556278</Double>
        <Double>0</Double>
        <Double>1</Double>
      </InverseCoeffY>
      <Name />
    </GeodataXform>
  </Metadata>
  <PAMRasterBand band="1">
    <Description>Band_1</Description>
    <Histograms>
      <HistItem>
        <HistMin>-0.5</HistMin>
        <HistMax>1.5</HistMax>
        <BucketCount>2</BucketCount>
        <IncludeOutOfRange>1</IncludeOutOfRange>
        <Approximate>0</Approximate>
        <HistCounts>42492|1878130</HistCounts>
      </HistItem>
    </Histograms>
    <GDALRasterAttributeTable>
      <FieldDefn index="0">
        <Name>BinValues</Name>
        <Type>1</Type>
        <Usage>5</Usage>
      </FieldDefn>
      <FieldDefn index="1">
        <Name>Histogram</Name>
        <Type>1</Type>
        <Usage>1</Usage>
      </FieldDefn>
      <FieldDefn index="2">
        <Name>Value</Name>
        <Type>0</Type>
        <Usage>0</Usage>
      </FieldDefn>
      <Row index="0">
        <F>0</F>
        <F>42492</F>
        <F>0</F>
      </Row>
      <Row index="1">
        <F>1</F>
        <F>1878130</F>
        <F>1</F>
      </Row>
    </GDALRasterAttributeTable>
    <Metadata>
      <MDI key="LAYER_TYPE">athematic</MDI>
      <MDI key="STATISTICS_EXCLUDEDVALUES"></MDI>
      <MDI key="STATISTICS_HISTOBINVALUES">42492|1878130|</MDI>
      <MDI key="STATISTICS_HISTOMAX">1</MDI>
      <MDI key="STATISTICS_HISTOMIN">0</MDI>
      <MDI key="STATISTICS_HISTONUMBINS">2</MDI>
      <MDI key="STATISTICS_MAXIMUM">1</MDI>
      <MDI key="STATISTICS_MEAN">0.97787591728096</MDI>
      <MDI key="STATISTICS_MEDIAN">1</MDI>
      <MDI key="STATISTICS_MINIMUM">0</MDI>
      <MDI key="STATISTICS_MODE">1</MDI>
      <MDI key="STATISTICS_SKIPFACTORX">1</MDI>
      <MDI key="STATISTICS_SKIPFACTORY">1</MDI>
      <MDI key="STATISTICS_STDDEV">0.1470871134643</MDI>
    </Metadata>
  </PAMRasterBand>
</PAMDataset>
