<?xml version="1.0" encoding="UTF-8"?>
<metadata xml:lang="de"><Esri><CreaDate>20190125</CreaDate><CreaTime>13150500</CreaTime><ArcGISFormat>1.0</ArcGISFormat><SyncOnce>FALSE</SyncOnce><DataProperties><itemProps><itemName Sync="TRUE">DEM_50m_Zugsp.tif</itemName><itemLocation><linkage Sync="TRUE">file://W:\Mitarbeiter\02_Teaching\03_Courses\14_Geoinformation\WS_1819\test area\DEM_50m_Zugsp.tif</linkage><protocol Sync="TRUE">Local Area Network</protocol></itemLocation><imsContentType Sync="TRUE">002</imsContentType><nativeExtBox><westBL Sync="TRUE">4421225.000000</westBL><eastBL Sync="TRUE">4435025.000000</eastBL><southBL Sync="TRUE">5250825.000000</southBL><northBL Sync="TRUE">5264425.000000</northBL><exTypeCode Sync="TRUE">1</exTypeCode></nativeExtBox></itemProps><coordRef><type Sync="TRUE">Projected</type><geogcsn Sync="TRUE">GCS_Deutsches_Hauptdreiecksnetz</geogcsn><csUnits Sync="TRUE">Linear Unit: Meter (1.000000)</csUnits><projcsn Sync="TRUE">DHDN_3_Degree_Gauss_Zone_4</projcsn><peXml Sync="TRUE">&lt;ProjectedCoordinateSystem xsi:type='typens:ProjectedCoordinateSystem' xmlns:xsi='http://www.w3.org/2001/XMLSchema-instance' xmlns:xs='http://www.w3.org/2001/XMLSchema' xmlns:typens='http://www.esri.com/schemas/ArcGIS/2.1.0'&gt;&lt;WKT&gt;PROJCS[&amp;quot;DHDN_3_Degree_Gauss_Zone_4&amp;quot;,GEOGCS[&amp;quot;GCS_Deutsches_Hauptdreiecksnetz&amp;quot;,DATUM[&amp;quot;D_Deutsches_Hauptdreiecksnetz&amp;quot;,SPHEROID[&amp;quot;Bessel_1841&amp;quot;,6377397.155,299.1528128]],PRIMEM[&amp;quot;Greenwich&amp;quot;,0.0],UNIT[&amp;quot;Degree&amp;quot;,0.0174532925199433]],PROJECTION[&amp;quot;Gauss_Kruger&amp;quot;],PARAMETER[&amp;quot;False_Easting&amp;quot;,4500000.0],PARAMETER[&amp;quot;False_Northing&amp;quot;,0.0],PARAMETER[&amp;quot;Central_Meridian&amp;quot;,12.0],PARAMETER[&amp;quot;Scale_Factor&amp;quot;,1.0],PARAMETER[&amp;quot;Latitude_Of_Origin&amp;quot;,0.0],UNIT[&amp;quot;Meter&amp;quot;,1.0],AUTHORITY[&amp;quot;EPSG&amp;quot;,31468]]&lt;/WKT&gt;&lt;XOrigin&gt;-1122500&lt;/XOrigin&gt;&lt;YOrigin&gt;-10001000&lt;/YOrigin&gt;&lt;XYScale&gt;450314931.24392509&lt;/XYScale&gt;&lt;ZOrigin&gt;-100000&lt;/ZOrigin&gt;&lt;ZScale&gt;10000&lt;/ZScale&gt;&lt;MOrigin&gt;-100000&lt;/MOrigin&gt;&lt;MScale&gt;10000&lt;/MScale&gt;&lt;XYTolerance&gt;0.001&lt;/XYTolerance&gt;&lt;ZTolerance&gt;0.001&lt;/ZTolerance&gt;&lt;MTolerance&gt;0.001&lt;/MTolerance&gt;&lt;HighPrecision&gt;true&lt;/HighPrecision&gt;&lt;WKID&gt;31464&lt;/WKID&gt;&lt;LatestWKID&gt;31468&lt;/LatestWKID&gt;&lt;/ProjectedCoordinateSystem&gt;</peXml></coordRef><RasterProperties><General><PixelDepth Sync="TRUE">32</PixelDepth><HasColormap Sync="TRUE">FALSE</HasColormap><CompressionType Sync="TRUE">LZW</CompressionType><NumBands Sync="TRUE">1</NumBands><Format Sync="TRUE">TIFF</Format><HasPyramids Sync="TRUE">FALSE</HasPyramids><SourceType Sync="TRUE">continuous</SourceType><PixelType Sync="TRUE">floating point</PixelType><NoDataValue Sync="TRUE">-9999</NoDataValue></General></RasterProperties></DataProperties><SyncDate>20190125</SyncDate><SyncTime>13150500</SyncTime><ModDate>20190125</ModDate><ModTime>13150500</ModTime></Esri><dataIdInfo><envirDesc Sync="TRUE">Microsoft Windows 10 Version 10.0 (Build 16299) ; Esri ArcGIS 12.1.0.10257</envirDesc><dataLang><languageCode value="deu" Sync="TRUE"></languageCode><countryCode value="DEU" Sync="TRUE"></countryCode></dataLang><idCitation><resTitle Sync="TRUE">DEM_50m_Zugsp.tif</resTitle><presForm><PresFormCd value="005" Sync="TRUE"></PresFormCd></presForm></idCitation><spatRpType><SpatRepTypCd value="002" Sync="TRUE"></SpatRepTypCd></spatRpType><dataExt><geoEle><GeoBndBox esriExtentType="search"><exTypeCode Sync="TRUE">1</exTypeCode><westBL Sync="TRUE">10.954039</westBL><eastBL Sync="TRUE">11.139248</eastBL><northBL Sync="TRUE">47.515881</northBL><southBL Sync="TRUE">47.392038</southBL></GeoBndBox></geoEle></dataExt></dataIdInfo><mdLang><languageCode value="deu" Sync="TRUE"></languageCode><countryCode value="DEU" Sync="TRUE"></countryCode></mdLang><mdChar><CharSetCd value="004" Sync="TRUE"></CharSetCd></mdChar><distInfo><distFormat><formatName Sync="TRUE">Raster Dataset</formatName></distFormat></distInfo><mdHrLv><ScopeCd value="005" Sync="TRUE"></ScopeCd></mdHrLv><mdHrLvName Sync="TRUE">dataset</mdHrLvName><refSysInfo><RefSystem><refSysID><identCode code="31468" Sync="TRUE"></identCode><idCodeSpace Sync="TRUE">EPSG</idCodeSpace><idVersion Sync="TRUE">7.9.4(9.0.0)</idVersion></refSysID></RefSystem></refSysInfo><spatRepInfo><Georect><cellGeo><CellGeoCd Sync="TRUE" value="002"></CellGeoCd></cellGeo><numDims Sync="TRUE">2</numDims><tranParaAv Sync="TRUE">1</tranParaAv><chkPtAv Sync="TRUE">0</chkPtAv><cornerPts><pos Sync="TRUE">4421225.000000 5250825.000000</pos></cornerPts><cornerPts><pos Sync="TRUE">4421225.000000 5264425.000000</pos></cornerPts><cornerPts><pos Sync="TRUE">4435025.000000 5264425.000000</pos></cornerPts><cornerPts><pos Sync="TRUE">4435025.000000 5250825.000000</pos></cornerPts><centerPt><pos Sync="TRUE">4428125.000000 5257625.000000</pos></centerPt><axisDimension type="002"><dimSize Sync="TRUE">276</dimSize><dimResol><value Sync="TRUE" uom="m">50.000000</value></dimResol></axisDimension><axisDimension type="001"><dimSize Sync="TRUE">272</dimSize><dimResol><value Sync="TRUE" uom="m">50.000000</value></dimResol></axisDimension><ptInPixel><PixOrientCd Sync="TRUE" value="001"></PixOrientCd></ptInPixel></Georect></spatRepInfo><contInfo><ImgDesc><contentTyp><ContentTypCd Sync="TRUE" value="001"></ContentTypCd></contentTyp><covDim><Band><dimDescrp Sync="TRUE">Band_1</dimDescrp><bitsPerVal Sync="TRUE">32</bitsPerVal><valUnit><UOM type="length"></UOM></valUnit></Band></covDim></ImgDesc></contInfo><mdDateSt Sync="TRUE">20190125</mdDateSt></metadata>
