<PAMDataset>
  <Metadata>
    <MDI key="DataType">Thematic</MDI>
  </Metadata>
  <PAMRasterBand band="1">
    <Histograms>
      <HistItem>
        <HistMin>-0.5</HistMin>
        <HistMax>90.5</HistMax>
        <BucketCount>91</BucketCount>
        <IncludeOutOfRange>1</IncludeOutOfRange>
        <Approximate>0</Approximate>
        <HistCounts>24375|0|0|0|0|0|0|0|0|0|13204|0|0|0|0|0|0|0|0|0|100818|0|0|0|0|0|0|0|0|0|1392|0|0|0|0|0|0|0|0|0|30491|0|0|0|0|0|0|0|0|0|0|0|0|0|0|0|0|0|0|0|1875|0|0|0|0|0|0|0|0|0|0|0|0|0|0|0|0|0|0|0|10809|0|0|0|0|0|0|0|0|0|67027</HistCounts>
      </HistItem>
    </Histograms>
    <Metadata>
      <MDI key="RepresentationType">THEMATIC</MDI>
      <MDI key="STATISTICS_COVARIANCES">1105.071854378433</MDI>
      <MDI key="STATISTICS_EXCLUDEDVALUES"></MDI>
      <MDI key="STATISTICS_MAXIMUM">90</MDI>
      <MDI key="STATISTICS_MEAN">41.679300454815</MDI>
      <MDI key="STATISTICS_MINIMUM">0</MDI>
      <MDI key="STATISTICS_SKIPFACTORX">1</MDI>
      <MDI key="STATISTICS_SKIPFACTORY">1</MDI>
      <MDI key="STATISTICS_STDDEV">33.242621051572</MDI>
    </Metadata>
  </PAMRasterBand>
</PAMDataset>
